KR7285130001,SK케미칼
KR7282330000,BGF리테일
KR7271560005,오리온
KR7267250009,현대중공업지주
KR7251270005,넷마블
KR7241560002,두산밥캣
KR7214320004,이노션
KR7207940008,삼성바이오로직스
KR7204320006,만도
KR7192820009,코스맥스
KR7192400000,쿠쿠홀딩스
KR7185750007,종근당
KR7170900005,동아에스티
KR7161890009,한국콜마
KR7161390000,한국타이어
KR7145990008,삼양사
KR7139480008,이마트
KR7138930003,BNK금융지주
KR7128940004,한미약품
KR7120110002,코오롱인더
KR7115390007,락앤락
KR7114090004,GKL
KR7111770004,영원무역
KR7108670001,LG하우시스
KR7105630008,한세실업
KR7105560007,KB금융
KR7103140000,풍산
KR7097950000,CJ제일제당
KR7097230007,한진중공업
KR7096770003,SK이노베이션
KR7096760004,JW홀딩스
KR7093370005,후성
KR7093050003,LF
KR7090430000,아모레퍼시픽
KR7088350004,한화생명
KR7086790003,하나금융지주
KR7086280005,현대글로비스
KR7079550000,LIG넥스원
KR7079430005,현대리바트
KR7079160008,CJ CGV
KR7078930005,GS
KR7073240004,금호타이어
KR7071840003,롯데하이마트
KR7071050009,한국금융지주
KR7069960003,현대백화점
KR7069620003,대웅제약
KR7069260008,휴켐스
KR7068270008,셀트리온
KR7066570003,LG전자
KR7064960008,S&T모티브
KR7064350002,현대로템
KR7060980000,한라홀딩스
KR7057050007,현대홈쇼핑
KR7055550008,신한지주
KR7052690005,한전기술
KR7051910008,LG화학
KR7051900009,LG생활건강
KR7051600005,한전KPS
KR7049770001,동원F&B
KR7047810007,한국항공우주
KR7047050000,포스코대우
KR7047040001,대우건설
KR7042670000,두산인프라코어
KR7042660001,대우조선해양
KR7036580009,팜스코
KR7036570000,엔씨소프트
KR7036460004,한국가스공사
KR7035720002,카카오
KR7035420009,NAVER
KR7035250000,강원랜드
KR7034730002,SK
KR7034220004,LG디스플레이
KR7034120006,SBS
KR7034020008,두산중공업
KR7033920000,무학
KR7033780008,KT&G
KR7032830002,삼성생명
KR7032640005,LG유플러스
KR7030200000,KT
KR7030000004,제일기획
KR7029780004,삼성카드
KR7028670008,팬오션
KR7028260008,삼성물산
KR7028050003,삼성엔지니어링
KR7027410000,BGF
KR7026960005,동서
KR7025860008,남해화학
KR7025540006,한국단자
KR7024110009,기업은행
KR7023530009,롯데쇼핑
KR7021240007,코웨이
KR7020150009,일진머티리얼즈
KR7020000006,한섬
KR7019680008,대교
KR7018880005,한온시스템
KR7018260000,삼성에스디에스
KR7017800004,현대엘리베이
KR7017670001,SK텔레콤
KR7016360000,삼성증권
KR7015760002,한국전력
KR7014830004,유니드
KR7014820005,동원시스템즈
KR7014680003,한솔케미칼
KR7012750006,에스원
KR7012630000,현대산업
KR7012450003,한화에어로스페이스
KR7012330007,현대모비스
KR7011790003,SKC
KR7011780004,금호석유
KR7011210002,현대위아
KR7011170008,롯데케미칼
KR7011070000,LG이노텍
KR7010950004,S-Oil
KR7010780005,아이에스동서
KR7010620003,현대미포조선
KR7010140002,삼성중공업
KR7010130003,고려아연
KR7010120004,LS산전
KR7010060002,OCI
KR7009830001,한화케미칼
KR7009540006,현대중공업
KR7009420001,한올바이오파마
KR7009240003,한샘
KR7009150004,삼성전기
KR7008930000,한미사이언스
KR7008770000,호텔신라
KR7008560005,메리츠종금증권
KR7008060006,대덕전자
KR7007570005,일양약품
KR7007310006,오뚜기
KR7007070006,GS리테일
KR7006840003,AK홀딩스
KR7006800007,미래에셋대우
KR7006650006,대한유화
KR7006400006,삼성SDI
KR7006360002,GS건설
KR7006280002,녹십자
KR7006260004,LS
KR7006120000,SK디스커버리
KR7005940002,NH투자증권
KR7005930003,삼성전자
KR7005850003,에스엘
KR7005830005,DB손해보험
KR7005610001,SPC삼립
KR7005490008,POSCO
KR7005440003,현대그린푸드
KR7005380001,현대차
KR7005300009,롯데칠성
KR7005250006,녹십자홀딩스
KR7005180005,빙그레
KR7004990008,롯데지주
KR7004800009,효성
KR7004490009,세방전지
KR7004370003,농심
KR7004170007,신세계
KR7004020004,현대제철
KR7004000006,롯데정밀화학
KR7003920006,남양유업
KR7003850005,보령제약
KR7003620002,쌍용차
KR7003550001,LG
KR7003520004,영진약품
KR7003490000,대한항공
KR7003410008,쌍용양회
KR7003300001,한일시멘트
KR7003240009,태광산업
KR7003030004,세아제강
KR7003000007,부광약품
KR7002960003,한국쉘석유
KR7002790004,아모레G
KR7002380004,KCC
KR7002350007,넥센타이어
KR7002270007,롯데푸드
KR7002240000,고려제강
KR7001800002,오리온홀딩스
KR7001740000,SK네트웍스
KR7001680008,대상
KR7001520006,동양
KR7001450006,현대해상
KR7001430008,세아베스틸
KR7001230002,동국제강
KR7001120005,LG상사
KR7001060003,JW중외제약
KR7001040005,CJ
KR7000990002,DB하이텍
KR7000880005,한화
KR7000810002,삼성화재
KR7000720003,현대건설
KR7000670000,영풍
KR7000660001,SK하이닉스
KR7000640003,동아쏘시오홀딩스
KR7000270009,기아차
KR7000240002,한국타이어월드와이드
KR7000210005,대림산업
KR7000150003,두산
KR7000120006,CJ대한통운
KR7000100008,유한양행
KR7000080002,하이트진로
KR7000070003,삼양홀딩스
KR7000030007,우리은행
